bins,pearson,spearman,rmse,mean_uncertainty
40,0.5162573959952177,0.4588235294117647,0.8873056822532776,0.32826790616833845
