bins,pearson,spearman,rmse,mean_uncertainty
25,0.33071564937775644,0.24846153846153846,0.9298878498588625,0.2664858338273515
