bins,pearson,spearman,rmse,mean_uncertainty
50,0.6924783536510996,0.5934065934065934,0.8598986808061015,0.3515371590533946
