rolling_window,pearson,spearman,rmse,mean_uncertainty
50,0.6924783536510996,0.5934065934065934,0.844091281539497,0.33887944011996063
