rolling_window,pearson,spearman,rmse,mean_uncertainty
40,0.6979965569697884,0.6208791208791209,0.8072304803897696,0.3298124025263467
