rolling_window,pearson,spearman,rmse,mean_uncertainty
25,0.6933002069231551,0.6593406593406593,0.8156833851916815,0.3075502612698769
