rolling_window,pearson,spearman,rmse,mean_uncertainty
21,0.6960938705929147,0.6648351648351648,0.8385257205407889,0.31300916632927817
